<?xml version="1.0"?>

<config xmlns:xsi="http://www.w3.org/2001/XMLSchema-instance"
        xsi:noNamespaceSchemaLocation="../../../Backend/etc/system_file.xsd">
    <system>        
    	<section id="career" translate="label" sortOrder="30" showInDefault="1"
                 showInWebsite="1" showInStore="1">
            <label>Career</label>
            <tab>eighteentech</tab>
            <resource>Eighteentech_Career::config_career</resource>

            <!-- Create General Configuration-->

                <group id="general" translate="label" type="text" sortOrder="1" showInDefault="1"
                       showInWebsite="1" showInStore="1">
                    <label>General Configuration</label>                    
                    <field id="hr_email" translate="label" type="text" sortOrder="4"
                       showInDefault="1" showInWebsite="1" showInStore="1">
                        <label>HR Email-id</label>
                        <validate>required-entry validate-email</validate>     
                     </field>                    
                </group>
            </section>
    </system>
</config>    
