<?xml version="1.0"?>

<config xmlns:xsi="http://www.w3.org/2001/XMLSchema-instance"
        xsi:noNamespaceSchemaLocation="../../../Backend/etc/system_file.xsd">
    <system>        
    	<section id="giftsample" translate="label" sortOrder="30" showInDefault="1"
                 showInWebsite="1" showInStore="1">
            <label>Gift Sample</label>
            <tab>eighteentech</tab>
            <resource>Eighteentech_Giftsample::config_giftsample</resource>

            <!-- Create General Configuration-->

                <group id="general" translate="label" type="text" sortOrder="1" showInDefault="1"
                       showInWebsite="1" showInStore="1">
                    <label>General Configuration</label>
                    <field id="enable" translate="label" type="select" sortOrder="1"
                           showInDefault="1" showInWebsite="1" showInStore="1">
                        <label>Enable</label>
                        <source_model>Magento\Config\Model\Config\Source\Yesno</source_model>
                    </field>
                    <field id="page_title" translate="label" type="text" sortOrder="4"
                       showInDefault="1" showInWebsite="1" showInStore="1">
                        <label>Gift Page Title</label>
                        <validate>required-entry</validate>                                          
                        <depends>
							<field id="enable">1</field>
						</depends>
                    </field>
                    <field id="page_description" translate="label" type="textarea" sortOrder="4"
                       showInDefault="1" showInWebsite="1" showInStore="1">
                        <label>Page Description</label>
                        <validate>required-entry</validate>                                          
                        <depends>
							<field id="enable">1</field>
						</depends>
                    </field>
                    <field id="category_id" translate="label" type="text" sortOrder="4"
                       showInDefault="1" showInWebsite="1" showInStore="1">
                        <label>Gift Sample Category ID</label>
                        <validate>required-entry validate-number</validate>                        
                        <comment>Put the Category Id</comment>
                        <depends>
							<field id="enable">1</field>
						</depends>
                    </field>
                    <field id="gift_sample_ids" translate="label" type="text" sortOrder="4"
                       showInDefault="1" showInWebsite="1" showInStore="1">
                        <label>Gift Sample Product IDs</label>
                        <validate>required-entry</validate>                        
                        <comment>Put Product Ids with comma seperated</comment>
                        <depends>
							<field id="enable">1</field>
						</depends>
                    </field>
                    <field id="min_order_amount" translate="label" type="text" sortOrder="4"
                       showInDefault="1" showInWebsite="1" showInStore="1">
                        <label>Minimum Order Amount</label>
                        <validate>required-entry validate-number</validate>                                          
                        <depends>
							<field id="enable">1</field>
						</depends>
                    </field>                    
                    <field id="step_counter" translate="label" type="text" sortOrder="4"
                           showInDefault="1" showInWebsite="1" showInStore="1">
                        <label>Step</label>
                        <validate>required-entry validate-number</validate> 
                        <depends>
							<field id="enable">1</field>
						</depends>                  
                    </field>
                    <field id="minimum_gift" translate="label" type="text" sortOrder="4"
                           showInDefault="1" showInWebsite="1" showInStore="1">
                        <label>Minimum No Gift</label>
                        <validate>required-entry validate-number</validate> 
                        <depends>
							<field id="enable">1</field>
						</depends>                  
                    </field>
                </group>
            </section>
    </system>
</config>    
