<?xml version="1.0"?>
<config xmlns:xsi="http://www.w3.org/2001/XMLSchema-instance" xsi:noNamespaceSchemaLocation="../../../../Magento/Backend/etc/system_file.xsd">
    <system>
        <tab id="eighteentech" translate="label" sortOrder="300">
            <label>Eighteentech</label>
        </tab>
        <section id="eighteentech_restrictcod" translate="label" sortOrder="200" showInDefault="1" showInWebsite="1" showInStore="1">
            <class>separator-top</class>
            <label>Restrict COD</label>
            <tab>eighteentech</tab>
            <resource>Eighteentech_Restrictcod::config</resource>
            <group id="restrictcod" translate="label" type="text" sortOrder="10" showInDefault="1" showInWebsite="1" showInStore="1">
                
                <field id="enabled" translate="label comment" type="select" sortOrder="10" showInDefault="1" showInWebsite="1" showInStore="1">
                    <label>Enabled</label>
                    <source_model>Magento\Config\Model\Config\Source\Yesno</source_model>
                </field>

                <field id="customer_groups" translate="label" type="multiselect" sortOrder="20" showInDefault="1" showInWebsite="1" showInStore="1">
                    <label>Allowed Customer Groups</label>
                    <source_model>Magento\Customer\Model\ResourceModel\Group\Collection</source_model>
                </field>

                <!--<field id="est_delivery_days" translate="label" type="text" sortOrder="30" showInDefault="1" showInWebsite="1" showInStore="1">
                    <label>Estimated Delivery Days Message</label>
                    <comment>You can use {est_days} variable in message.</comment>
                </field>-->
                <field id="product_avalibility_area" translate="label" type="text" sortOrder="30" showInDefault="1" showInWebsite="1" showInStore="1">
                    <label>Product Available </label>
                    <comment>Customer can see product is availibility in this area</comment>
                </field>
                <field id="product_not_avalibility_area" translate="label" type="text" sortOrder="40" showInDefault="1" showInWebsite="1" showInStore="1">
                    <label>Product Not Available</label>
                    <comment>Customer can see product is not availibility in this area</comment>
                </field>

                <field id="error_msg" translate="label" type="text" sortOrder="50" showInDefault="1" showInWebsite="1" showInStore="1">
                    <label>Error Message</label>
                    <comment>Error message after zipcode check.</comment>
                </field>

                <field id="success_msg" translate="label" type="text" sortOrder="60" showInDefault="1" showInWebsite="1" showInStore="1">
                    <label>Success Message</label>
                    <comment>Success message after zipcode check.</comment>
                </field>

                <field id="zipcode_csv" translate="label" type="file" sortOrder="70" showInDefault="1" showInWebsite="0" showInStore="0">
                    <label>Import</label>
                    <backend_model>Eighteentech\Restrictcod\Model\Source\Import</backend_model>
                    <comment>Upload CSV file only.</comment>
                </field>
                
            </group>
        </section>
    </system>
</config>
