<?xml version="1.0" encoding="UTF-8"?>

<config xmlns:xsi="http://www.w3.org/2001/XMLSchema-instance" xsi:noNamespaceSchemaLocation="../../../../../lib/internal/Magento/Framework/Acl/etc/acl.xsd">
    <acl>
        <resources>
            <resource id="Magento_Backend::admin">
                <resource id="Eighteentech_Megamenu::tech18megamenu" title="MEGAMENU" sortOrder="10">
                    <resource id="Eighteentech_Megamenu::managemegamenu" title="Manage Megamenu" sortOrder="10"/>
                    <resource id="Eighteentech_Megamenu::settings" title="Settings" sortOrder="10"/>
                </resource>
                <resource id="Magento_Backend::stores">
                    <resource id="Magento_Backend::stores_settings">
                        <resource id="Magento_Config::config">
                            <resource id="Eighteentech_Megamenu::config_megamenu" title="Megamenu"  sortOrder="10" />
                        </resource>
                    </resource>
                </resource>
            </resource>
        </resources>
    </acl>
</config>