<?xml version="1.0"?>
<!--
/**
 * Copyright © 2016 Magento. All rights reserved.
 * See COPYING.txt for license details.
 */
-->
<config xmlns:xsi="http://www.w3.org/2001/XMLSchema-instance" xsi:noNamespaceSchemaLocation="urn:magento:framework:ObjectManager/etc/config.xsd">
    <type name="Magento\Framework\Console\CommandList">
        <arguments>
            <argument name="commands" xsi:type="array">
                <item name="product_url_regeneration_command" xsi:type="object">Eighteentech\RegenProductUrl\Console\Command\RegenerateProductUrlCommand</item>
                <item name="category_url_regeneration_command" xsi:type="object">Eighteentech\RegenProductUrl\Console\Command\RegenerateCategoryUrlCommand</item>
                <item name="category_path_regeneration_command" xsi:type="object">Eighteentech\RegenProductUrl\Console\Command\RegenerateCategoryPathCommand</item>
            </argument>
        </arguments>
    </type>
    <preference for="Magento\CatalogUrlRewrite\Model\CategoryUrlPathGenerator" type="Eighteentech\RegenProductUrl\Model\CategoryUrlPathGenerator" />
</config>
