<?xml version="1.0"?>
<config xmlns:xsi="http://www.w3.org/2001/XMLSchema-instance" xsi:noNamespaceSchemaLocation="../../../../Magento/Config/etc/system_file.xsd">
    <system>
        <section id="customcron" translate="label" sortOrder="30" showInDefault="1" showInWebsite="1" showInStore="1">
            <label>Custom Cron</label>
            <tab>eighteentech</tab>
            <resource>Eighteentech_CustomCron::customcron</resource>
            <group id="general" translate="label" type="text" sortOrder="1" showInDefault="1" showInWebsite="1" showInStore="1">
                <label>Forest Essentials Representative</label>                    
                <field id="forest_rep_email" translate="label" type="text" sortOrder="1" showInDefault="1" showInWebsite="1" showInStore="1">
                    <label>Representative Email</label>
                    <validate>validate-email</validate>
                </field>
            </group>
        </section>
    </system>
</config>
