<?xml version="1.0"?>
<config xmlns:xsi="http://www.w3.org/2001/XMLSchema-instance" xsi:noNamespaceSchemaLocation="../../../../Magento/Config/etc/system_file.xsd">
    <system>
        <section id="carriers" translate="label" type="text" sortOrder="320" showInDefault="1" showInWebsite="1" showInStore="1">
            <group id="bluedart" translate="label" type="text" sortOrder="99" showInDefault="1" showInWebsite="1" showInStore="1">
                <label>Blue Dart Shipping</label>
                <field id="active" translate="label" type="select" sortOrder="1" showInDefault="1" showInWebsite="1" showInStore="0">
                    <label>Enabled</label>
                    <source_model>Magento\Config\Model\Config\Source\Yesno</source_model>
                </field>
                <field id="name" translate="label" type="text" sortOrder="3" showInDefault="1" showInWebsite="1" showInStore="1">
                    <label>Method Name</label>
                </field>
                <field id="price" translate="label" type="text" sortOrder="5" showInDefault="1" showInWebsite="1" showInStore="0">
                    <label>Price</label>
                    <validate>validate-number validate-zero-or-greater</validate>
                </field>
				
                <field id="sort_order" translate="label" type="text" sortOrder="100" showInDefault="1" showInWebsite="1" showInStore="0">
                    <label>Sort Order</label>
                </field>
                <field id="title" translate="label" type="text" sortOrder="2" showInDefault="1" showInWebsite="1" showInStore="1">
                    <label>Title</label>
                </field>
                <field id="sallowspecific" translate="label" type="select" sortOrder="90" showInDefault="1" showInWebsite="1" showInStore="0">
                    <label>Ship to Applicable Countries</label>
                    <frontend_class>shipping-applicable-country</frontend_class>
                    <source_model>Magento\Shipping\Model\Config\Source\Allspecificcountries</source_model>
                </field>
                <field id="specificcountry" translate="label" type="multiselect" sortOrder="91" showInDefault="1" showInWebsite="1" showInStore="0">
                    <label>Ship to Specific Countries</label>
                    <source_model>Magento\Directory\Model\Config\Source\Country</source_model>
                    <can_be_empty>1</can_be_empty>
                </field>
                <field id="specificerrmsg" translate="label" type="textarea" sortOrder="80" showInDefault="1" showInWebsite="1" showInStore="1">
                    <label>Displayed Error Message</label>
                </field>
            </group>
            <!-- carrier-group -->
        </section>
        <section id="bluedart" translate="label" sortOrder="30" showInDefault="1" showInWebsite="1" showInStore="1">
            <label>Blue Dart</label>
            <tab>eighteentech</tab>
            <resource>Eighteentech_Ship::customshipping</resource>
            <group id="general" translate="label" type="text" sortOrder="1" showInDefault="1" showInWebsite="1" showInStore="1">
                <label>Blue Dart Information</label>                    
                <field id="enable" translate="label comment" type="select" sortOrder="1" showInDefault="1" showInWebsite="1" showInStore="1">
                    <label>Enable</label>
                    <source_model>Magento\Config\Model\Config\Source\Yesno</source_model>
                </field>
                <field id="mode" translate="select mode" type="select" sortOrder="2" showInDefault="1" showInWebsite="1" showInStore="1">
                    <label>Select Mode</label>
                    <source_model>Eighteentech\Ship\Model\Config\Source\Mode</source_model>
                </field>
                <field id="licence_key" translate="label" type="text" sortOrder="3" showInDefault="1" showInWebsite="1" showInStore="1">
                    <label>Licence Key</label>
                </field>
                <field id="login_id" translate="label" type="text" sortOrder="4" showInDefault="1" showInWebsite="1" showInStore="1">
                    <label>LoginID</label>
                </field>
                <field id="store_name" translate="label" type="text" sortOrder="5" showInDefault="1" showInWebsite="1" showInStore="1">
                    <label>Store Name</label>
                </field>
                <field id="email" translate="label" type="text" sortOrder="6" showInDefault="1" showInWebsite="1" showInStore="1">
                    <label>Email Id (From email send)</label>
                </field>
                <field id="telephone" translate="label" type="text" sortOrder="7" showInDefault="1" showInWebsite="1" showInStore="1">
                    <label>India's Contact Telephone</label>
                </field>
                <field id="store_address" translate="label" type="textarea" sortOrder="8" showInDefault="1" showInWebsite="1" showInStore="1">
                    <label>Store Contact Address</label>
                </field>
                <field id="pincode" translate="label" type="text" sortOrder="9" showInDefault="1" showInWebsite="1" showInStore="1">
                    <label>Pincode</label>
                </field>
                <field id="customer_code" translate="label" type="text" sortOrder="10" showInDefault="1" showInWebsite="1" showInStore="1">
                    <label>Customer code</label>
                </field>
                <field id="vender_code" translate="label" type="text" sortOrder="11" showInDefault="1" showInWebsite="1" showInStore="1">
                    <label>Vender code</label>
                </field>
                <field id="origin_area" translate="label" type="text" sortOrder="12" showInDefault="1" showInWebsite="1" showInStore="1">
                    <label>Origin area</label>
                </field>
                <field id="tin_no" translate="label" type="text" sortOrder="13" showInDefault="1" showInWebsite="1" showInStore="1">
                    <label>TIN No.</label>
                </field>
                <field id="pdf_logo" translate="label" type="image" sortOrder="13" showInDefault="1" showInWebsite="1" >
                    <label>Logo for PDF</label>
                    <backend_model>Magento\Config\Model\Config\Backend\Image</backend_model>
                    <upload_dir config="system/filesystem/media" scope_info="1">bluedart/logo</upload_dir>
                    <base_url type="media" scope_info="1">bluedart/logo</base_url>
                    <comment><![CDATA[Choose your website or organize logo. (jpeg, gif, png)]]></comment>
                </field>
            </group>
        </section>
    </system>
</config>
