<?xml version="1.0"?>
<config xmlns:xsi="http://www.w3.org/2001/XMLSchema-instance" xsi:noNamespaceSchemaLocation="urn:magento:framework:ObjectManager/etc/config.xsd">
    <type name="Magento\Framework\View\Element\UiComponent\DataProvider\CollectionFactory">
        <arguments>
            <argument name="collections" xsi:type="array">
                <item name="bestseller_grid_data_source" xsi:type="string">Eighteentech\Bestseller\Model\ResourceModel\Bestseller\Grid\Collection</item>
            </argument>
        </arguments>
    </type>
    <type name="Eighteentech\Bestseller\Model\ResourceModel\Bestseller\Grid\Collection">
        <arguments>
            <argument name="mainTable" xsi:type="string">eighteentech_bestseller</argument>
            <argument name="eventPrefix" xsi:type="string">eighteentech_bestseller_grid_collection</argument>
            <argument name="eventObject" xsi:type="string">eighteentech_bestseller_grid_collection</argument>
            <argument name="resourceModel" xsi:type="string">Eighteentech\Bestseller\Model\ResourceModel\Bestseller</argument>
        </arguments>
    </type>
    <virtualType name="BestsellerGridDataProvider" type="Magento\Framework\View\Element\UiComponent\DataProvider\DataProvider">
        <arguments>
            <argument name="collection" xsi:type="object" shared="false">Eighteentech\Bestseller\Model\ResourceModel\Bestseller\Collection</argument>
            <argument name="filterPool" xsi:type="object" shared="false">BestsellerGrrdFilterPool</argument>
        </arguments>
    </virtualType>
    <virtualType name="BestsellerGridFilterPool" type="Magento\Framework\View\Element\UiComponent\DataProvider\FilterPool">
        <arguments>
            <argument name="appliers" xsi:type="array">
                <item name="regular" xsi:type="object">Magento\Framework\View\Element\UiComponent\DataProvider\RegularFilter</item>
                <item name="fulltext" xsi:type="object">Magento\Framework\View\Element\UiComponent\DataProvider\FulltextFilter</item>
            </argument>
        </arguments>
    </virtualType>
</config>
