<?xml version="1.0"?>

<config xmlns:xsi="http://www.w3.org/2001/XMLSchema-instance"
        xsi:noNamespaceSchemaLocation="../../../Backend/etc/system_file.xsd">
    <system>
        <tab id="eighteentech" translate="label" sortOrder="1">
            <label>EighteenTech Extensions</label>
        </tab>
    	<section id="popup" translate="label" sortOrder="30" showInDefault="1"
                 showInWebsite="1" showInStore="1">
            <label>Popup</label>
            <tab>eighteentech</tab>
            <resource>Eighteentech_ModalOverlay::config_popup</resource>

            <!-- Create General Configuration-->

                <group id="general" translate="label" type="text" sortOrder="1" showInDefault="1"
                       showInWebsite="1" showInStore="1">
                    <label>General Configuration</label>
                    <field id="enable" translate="label" type="select" sortOrder="1"
                           showInDefault="1" showInWebsite="1" showInStore="1">
                        <label>Enable Popup</label>
                        <source_model>Magento\Config\Model\Config\Source\Yesno</source_model>
                    </field>
                    <field id="block_id" translate="label" type="text" sortOrder="4"
                       showInDefault="1" showInWebsite="1" showInStore="1">
                        <label>CMS Block ID</label>
                        <validate>required-entry</validate>                        
                        <comment>Put that CMS block Id which content will show in pop-up</comment>
                    </field>
                    <field id="expire_time" translate="label" type="text" sortOrder="4"
                           showInDefault="1" showInWebsite="1" showInStore="1">
                        <label>Cookie Expire Time</label>
                        <validate>validate-number</validate>                        
                        <comment>No of Days</comment>
                    </field>
                </group>
            </section>
    </system>
</config>    